https://pornhub.com/gay	
https://www.gaymaletube.com	
https://www.boyfriendtv.net	
https://gayporn.video	
https://xcuteboys.com	
https://www.icegayporn.com	
https://gaystubestv.com	
https://pictoa.com/gay	
https://uplust.app	
https://kristenbjorn.com	
https://bottomgames.com	
https://tlagay.com	
https://gaypornstarharem.com	
https://seancody.com	
https://boyfun.org	
https://cambbgay.com	
https://jizzeroulette.com/gay	
https://menover30.com	
https://visionx.xxx	
https://gay-porn-place.com	
https://redtube.com/gay/	
https://www.xhamster.com/gay	
https://www.youporn.com/gay	
https://www.xnxx.com/gay-porn-videos	
https://porngaypublic.com/	
https://www.gayvideo.com/	
https://www.gayman.com/	
https://www.gaypage.com/	
https://www.gay-porn.com/	
https://www.gayporn.to/	
https://www.gay-porno.com/	
https://www.gay-porn-tube.com/	
https://www.gaytubez.net/	
https://www.gaypornvideos.tv/	
https://www.gaypornx.com/	
https://www.gaypornstar.tube/	
https://www.gayxchange.pro/	
https://www.gayporn1.com/	
https://www.gaytube24.net/	
https://www.gayporntube.tv/